{"cameraMode":{"drawMode":0,"name":"Shaded","section":"Shading Mode"},"sceneLighting":true,"audioPlay":false,"sceneViewState":{"showFog":true,"showMaterialUpdate":false,"showSkybox":false,"showFlares":true,"showImageEffects":true,"showParticleSystems":true},"in2DMode":false,"pivot":{"x":-4.549688339233398,"y":4.09489631652832,"z":-38.97644805908203},"rotation":{"x":0.013902101665735245,"y":0.9203969240188599,"z":0.03286313638091087,"w":-0.38935381174087527},"size":65.76702880859375,"orthographic":false}