{"cameraMode":{"drawMode":0,"name":"Shaded","section":"Shading Mode"},"sceneLighting":true,"audioPlay":false,"sceneViewState":{"showFog":true,"showMaterialUpdate":false,"showSkybox":false,"showFlares":true,"showImageEffects":true,"showParticleSystems":true},"in2DMode":false,"pivot":{"x":-0.6826884150505066,"y":-0.7624786496162415,"z":-2.8452000617980959},"rotation":{"x":-0.13552682101726533,"y":0.7664849758148193,"z":-0.17205268144607545,"w":-0.6037642359733582},"size":14.652847290039063,"orthographic":false}