{"cameraMode":{"drawMode":0,"name":"Shaded","section":"Shading Mode"},"sceneLighting":false,"audioPlay":false,"sceneViewState":{"showFog":true,"showMaterialUpdate":false,"showSkybox":false,"showFlares":true,"showImageEffects":true,"showParticleSystems":true},"in2DMode":false,"pivot":{"x":5.960464477539063e-7,"y":0.10645408183336258,"z":0.12240028381347656},"rotation":{"x":-0.13552682101726533,"y":0.7664849758148193,"z":-0.17205268144607545,"w":-0.6037642359733582},"size":5.490137100219727,"orthographic":false}