{"cameraMode":{"drawMode":0,"name":"Shaded","section":"Shading Mode"},"sceneLighting":false,"audioPlay":false,"sceneViewState":{"showFog":true,"showMaterialUpdate":false,"showSkybox":false,"showFlares":true,"showImageEffects":true,"showParticleSystems":true},"in2DMode":false,"pivot":{"x":0.0000033974647521972658,"y":0.23678600788116456,"z":0.3238034248352051},"rotation":{"x":-0.13552682101726533,"y":0.7664849758148193,"z":-0.17205268144607545,"w":-0.6037642359733582},"size":16.148441314697267,"orthographic":false}