{"cameraMode":{"drawMode":0,"name":"Shaded","section":"Shading Mode"},"sceneLighting":false,"audioPlay":false,"sceneViewState":{"showFog":true,"showMaterialUpdate":false,"showSkybox":false,"showFlares":true,"showImageEffects":true,"showParticleSystems":true},"in2DMode":false,"pivot":{"x":-105.8023452758789,"y":-33.219398498535159,"z":79.30328369140625},"rotation":{"x":0.1558048576116562,"y":-0.1138174757361412,"z":0.018075916916131974,"w":0.9810421466827393},"size":368.3494567871094,"orthographic":false}