{"cameraMode":{"drawMode":0,"name":"Shaded","section":"Shading Mode"},"sceneLighting":true,"audioPlay":false,"sceneViewState":{"showFog":true,"showMaterialUpdate":false,"showSkybox":false,"showFlares":true,"showImageEffects":true,"showParticleSystems":true},"in2DMode":false,"pivot":{"x":-5.0358147621154789,"y":3.943769931793213,"z":0.060936927795410159},"rotation":{"x":0.07461626827716828,"y":0.09111550450325012,"z":-0.006846502423286438,"w":0.9930174350738525},"size":32.85362243652344,"orthographic":false}