{"cameraMode":{"drawMode":0,"name":"Shaded","section":"Shading Mode"},"sceneLighting":false,"audioPlay":false,"sceneViewState":{"showFog":true,"showMaterialUpdate":false,"showSkybox":false,"showFlares":true,"showImageEffects":true,"showParticleSystems":true},"in2DMode":false,"pivot":{"x":-0.6676559448242188,"y":0.19086170196533204,"z":-6.596586227416992},"rotation":{"x":0.0802193358540535,"y":-0.5016300082206726,"z":0.0467865951359272,"w":0.8600833415985107},"size":334.8359375,"orthographic":false}