{"cameraMode":{"drawMode":0,"name":"Shaded","section":"Shading Mode"},"sceneLighting":false,"audioPlay":false,"sceneViewState":{"showFog":true,"showMaterialUpdate":false,"showSkybox":false,"showFlares":true,"showImageEffects":true,"showParticleSystems":true},"in2DMode":false,"pivot":{"x":-0.2299875020980835,"y":2.426126003265381,"z":0.3430812954902649},"rotation":{"x":-0.13756227493286134,"y":-0.001485739485360682,"z":0.00020634362590499222,"w":-0.990492045879364},"size":2.8578836917877199,"orthographic":false}