{"cameraMode":{"drawMode":0,"name":"Shaded","section":"Shading Mode"},"sceneLighting":false,"audioPlay":false,"sceneViewState":{"showFog":true,"showMaterialUpdate":false,"showSkybox":false,"showFlares":true,"showImageEffects":true,"showParticleSystems":true},"in2DMode":false,"pivot":{"x":-104.5044174194336,"y":16.591203689575197,"z":-17.52198600769043},"rotation":{"x":0.11562365293502808,"y":-0.13662245869636537,"z":0.016058139503002168,"w":0.9837213754653931},"size":303.2201843261719,"orthographic":false}