{"cameraMode":{"drawMode":0,"name":"Shaded","section":"Shading Mode"},"sceneLighting":false,"audioPlay":false,"sceneViewState":{"showFog":true,"showMaterialUpdate":false,"showSkybox":false,"showFlares":true,"showImageEffects":true,"showParticleSystems":true},"in2DMode":false,"pivot":{"x":98.11251831054688,"y":-33.332786560058597,"z":98.75131225585938},"rotation":{"x":0.14039751887321473,"y":-0.31204360723495486,"z":0.046682119369506839,"w":0.9384765028953552},"size":349.2972106933594,"orthographic":false}