{"cameraMode":{"drawMode":0,"name":"Shaded","section":"Shading Mode"},"sceneLighting":false,"audioPlay":false,"sceneViewState":{"showFog":true,"showMaterialUpdate":false,"showSkybox":false,"showFlares":true,"showImageEffects":true,"showParticleSystems":true},"in2DMode":false,"pivot":{"x":1.4433846473693848,"y":0.053673118352890018,"z":1.4048640727996827},"rotation":{"x":-0.022091109305620195,"y":0.18930165469646455,"z":0.004260010551661253,"w":0.9816612005233765},"size":5.048429012298584,"orthographic":false}