{"cameraMode":{"drawMode":0,"name":"Shaded","section":"Shading Mode"},"sceneLighting":true,"audioPlay":false,"sceneViewState":{"showFog":true,"showMaterialUpdate":false,"showSkybox":false,"showFlares":true,"showImageEffects":true,"showParticleSystems":true},"in2DMode":false,"pivot":{"x":-3.440922737121582,"y":5.212346076965332,"z":-7.873369216918945},"rotation":{"x":-0.011998850852251053,"y":-0.0119988564401865,"z":0.00014399505744222552,"w":-0.9998560547828674},"size":10.202491760253907,"orthographic":false}