{"cameraMode":{"drawMode":0,"name":"Shaded","section":"Shading Mode"},"sceneLighting":true,"audioPlay":false,"sceneViewState":{"showFog":true,"showMaterialUpdate":false,"showSkybox":false,"showFlares":true,"showImageEffects":true,"showParticleSystems":true},"in2DMode":false,"pivot":{"x":-1.234900712966919,"y":0.793179988861084,"z":-1.1139566898345948},"rotation":{"x":0.10611706972122193,"y":-0.058135438710451129,"z":0.006214857567101717,"w":0.9926333427429199},"size":21.017009735107423,"orthographic":false}