{"cameraMode":{"drawMode":0,"name":"Shaded","section":"Shading Mode"},"sceneLighting":false,"audioPlay":false,"sceneViewState":{"showFog":true,"showMaterialUpdate":false,"showSkybox":false,"showFlares":true,"showImageEffects":true,"showParticleSystems":true},"in2DMode":false,"pivot":{"x":15.343239784240723,"y":-0.9074910879135132,"z":1.8084814548492432},"rotation":{"x":0.15238666534423829,"y":-0.014824220910668373,"z":0.002285971771925688,"w":0.9882071614265442},"size":20.091476440429689,"orthographic":false}