{"cameraMode":{"drawMode":0,"name":"Shaded","section":"Shading Mode"},"sceneLighting":true,"audioPlay":false,"sceneViewState":{"showFog":true,"showMaterialUpdate":false,"showSkybox":true,"showFlares":true,"showImageEffects":true,"showParticleSystems":true},"in2DMode":false,"pivot":{"x":-400.4161376953125,"y":8.533331871032715,"z":591.97314453125},"rotation":{"x":0.10611706972122193,"y":-0.058135438710451129,"z":0.006214857567101717,"w":0.9926333427429199},"size":29.167264938354493,"orthographic":false}