{"cameraMode":{"drawMode":0,"name":"Shaded","section":"Shading Mode"},"sceneLighting":false,"audioPlay":false,"sceneViewState":{"showFog":true,"showMaterialUpdate":true,"showSkybox":true,"showFlares":true,"showImageEffects":true,"showParticleSystems":true},"in2DMode":false,"pivot":{"x":5.180151462554932,"y":4.500485420227051,"z":2.1438188552856447},"rotation":{"x":0.13012893497943879,"y":0.00446174805983901,"z":-0.000585563771892339,"w":0.9914869070053101},"size":18.8652400970459,"orthographic":false}