{"cameraMode":{"drawMode":0,"name":"Shaded","section":"Shading Mode"},"sceneLighting":true,"audioPlay":false,"sceneViewState":{"showFog":true,"showMaterialUpdate":false,"showSkybox":false,"showFlares":true,"showImageEffects":true,"showParticleSystems":true},"in2DMode":false,"pivot":{"x":0.0,"y":-0.3924543857574463,"z":-1.227372169494629},"rotation":{"x":0.10757632553577423,"y":-0.0625915676355362,"z":0.006786297541111708,"w":0.9922014474868774},"size":21.017009735107423,"orthographic":false}