{"cameraMode":{"drawMode":0,"name":"Shaded","section":"Shading Mode"},"sceneLighting":true,"audioPlay":false,"sceneViewState":{"showFog":true,"showMaterialUpdate":false,"showSkybox":true,"showFlares":true,"showImageEffects":true,"showParticleSystems":true},"in2DMode":false,"pivot":{"x":-14.921656608581543,"y":5.623889923095703,"z":420.3071594238281},"rotation":{"x":0.07233468443155289,"y":-0.9033886790275574,"z":0.16859278082847596,"w":0.38759908080101015},"size":19.157175064086915,"orthographic":false}