{"cameraMode":{"drawMode":0,"name":"Shaded","section":"Shading Mode"},"sceneLighting":true,"audioPlay":false,"sceneViewState":{"showFog":true,"showMaterialUpdate":false,"showSkybox":false,"showFlares":true,"showImageEffects":true,"showParticleSystems":true},"in2DMode":false,"pivot":{"x":-0.4279163181781769,"y":-1.9115824699401856,"z":0.551659345626831},"rotation":{"x":0.19370344281196595,"y":-0.0250140018761158,"z":0.004940509330481291,"w":0.980728805065155},"size":14.451570510864258,"orthographic":false}