{"cameraMode":{"drawMode":0,"name":"Shaded","section":"Shading Mode"},"sceneLighting":true,"audioPlay":false,"sceneViewState":{"showFog":true,"showMaterialUpdate":false,"showSkybox":false,"showFlares":true,"showImageEffects":true,"showParticleSystems":true},"in2DMode":false,"pivot":{"x":0.0,"y":1.3818353414535523,"z":1.0186982154846192},"rotation":{"x":0.03745575249195099,"y":-0.04345564916729927,"z":0.0016303487354889513,"w":0.9983516931533814},"size":17.48206329345703,"orthographic":false}