{"cameraMode":{"drawMode":0,"name":"Shaded","section":"Shading Mode"},"sceneLighting":false,"audioPlay":false,"sceneViewState":{"showFog":true,"showMaterialUpdate":false,"showSkybox":false,"showFlares":true,"showImageEffects":true,"showParticleSystems":true},"in2DMode":false,"pivot":{"x":-4.2234416007995609,"y":0.12631751596927644,"z":-1.8225046396255494},"rotation":{"x":0.09863144904375076,"y":-0.336334228515625,"z":0.03544545918703079,"w":0.9358924627304077},"size":8.30083179473877,"orthographic":false}