{"cameraMode":{"drawMode":0,"name":"Shaded","section":"Shading Mode"},"sceneLighting":false,"audioPlay":false,"sceneViewState":{"showFog":true,"showMaterialUpdate":false,"showSkybox":true,"showFlares":true,"showImageEffects":true,"showParticleSystems":true},"in2DMode":false,"pivot":{"x":-0.4189046025276184,"y":1.970580816268921,"z":0.2259114682674408},"rotation":{"x":0.19964942336082459,"y":-6.482583359002092e-10,"z":-1.3738096216187046e-9,"w":0.9798673987388611},"size":10.0,"orthographic":true}