{"cameraMode":{"drawMode":0,"name":"Shaded","section":"Shading Mode"},"sceneLighting":true,"audioPlay":false,"sceneViewState":{"showFog":true,"showMaterialUpdate":false,"showSkybox":false,"showFlares":true,"showImageEffects":true,"showParticleSystems":true},"in2DMode":false,"pivot":{"x":0.0,"y":-0.3924543857574463,"z":-1.227372169494629},"rotation":{"x":0.002978953067213297,"y":0.11822222173213959,"z":-0.000354664254700765,"w":0.9929826855659485},"size":21.017009735107423,"orthographic":false}