{"cameraMode":{"drawMode":0,"name":"Shaded","section":"Shading Mode"},"sceneLighting":false,"audioPlay":false,"sceneViewState":{"showFog":true,"showMaterialUpdate":false,"showSkybox":false,"showFlares":true,"showImageEffects":true,"showParticleSystems":true},"in2DMode":false,"pivot":{"x":-0.09777067601680756,"y":2.262694835662842,"z":0.29641467332839968},"rotation":{"x":-0.03931505233049393,"y":-0.6064308881759644,"z":-0.030042899772524835,"w":0.7935952544212341},"size":2.8578836917877199,"orthographic":false}