{"cameraMode":{"drawMode":0,"name":"Shaded","section":"Shading Mode"},"sceneLighting":true,"audioPlay":false,"sceneViewState":{"showFog":true,"showMaterialUpdate":false,"showSkybox":false,"showFlares":true,"showImageEffects":true,"showParticleSystems":true},"in2DMode":false,"pivot":{"x":-14.556437492370606,"y":-1.1244405508041382,"z":-4.550023078918457},"rotation":{"x":0.03305923938751221,"y":-0.3951408863067627,"z":0.014231218956410885,"w":0.9179151654243469},"size":20.092510223388673,"orthographic":false}