{"cameraMode":{"drawMode":0,"name":"Shaded","section":"Shading Mode"},"sceneLighting":false,"audioPlay":false,"sceneViewState":{"showFog":true,"showMaterialUpdate":false,"showSkybox":false,"showFlares":true,"showImageEffects":true,"showParticleSystems":true},"in2DMode":false,"pivot":{"x":0.040995121002197269,"y":-0.048948854207992557,"z":0.0385991632938385},"rotation":{"x":-0.03931505233049393,"y":-0.6064308881759644,"z":-0.030042899772524835,"w":0.7935952544212341},"size":5.048429012298584,"orthographic":false}