{"cameraMode":{"drawMode":0,"name":"Shaded","section":"Shading Mode"},"sceneLighting":true,"audioPlay":false,"sceneViewState":{"showFog":true,"showMaterialUpdate":false,"showSkybox":true,"showFlares":true,"showImageEffects":true,"showParticleSystems":true},"in2DMode":false,"pivot":{"x":-0.13591182231903077,"y":2.9308698177337648,"z":0.032304272055625918},"rotation":{"x":-0.055471278727054599,"y":0.00299537624232471,"z":-0.00016641434922348708,"w":-0.998455822467804},"size":10.0,"orthographic":false}